epoch,acc,loss,val_acc,val_loss
0,0.09375,2.30099534988,0.0983,2.30301217613
