epoch,acc,loss,val_acc,val_loss
0,0.03125,2.31922793388,0.1131,2.30318177719
